Source,Target,ExpectedCode,FirstStatus,FinalUrl,Ok,Error
https://www.ibuyfireplaces.com/_next/image,https://www.ibuyfireplaces.com/,301,400,https://www.ibuyfireplaces.com/_next/image,False,"Очікуваний код 301, отримано 400. Очікуваний фінальний URL https://www.ibuyfireplaces.com/, отримано https://www.ibuyfireplaces.com/_next/image."
https://www.ibuyfireplaces.com/empire-vfs36fb0f-select-36-ventfree-firebox-flush-face.html,https://www.ibuyfireplaces.com/product/empire-vfs32fb0f-32-breckenridge-circulating-flush-front-select-vent-free-firebox,301,301,https://www.ibuyfireplaces.com/product/empire-vfs36fb0f-36-breckenridge-circulating-flush-front-select-vent-free-firebox,False,"Очікуваний фінальний URL https://www.ibuyfireplaces.com/product/empire-vfs32fb0f-32-breckenridge-circulating-flush-front-select-vent-free-firebox, отримано https://www.ibuyfireplaces.com/product/empire-vfs36fb0f-36-breckenridge-circulating-flush-front-select-vent-free-firebox."
https://www.ibuyfireplaces.com/empire-vfd32fb0f-deluxe-32-ventfree-firebox-flush-face.html,https://www.ibuyfireplaces.com/product/empire-vfd36fb0f-36-breckenridge-circulating-flush-front-deluxe-vent-free-firebox,301,301,https://www.ibuyfireplaces.com/product/empire-vfd32fb0f-32-breckenridge-circulating-flush-front-deluxe-vent-free-firebox,False,"Очікуваний фінальний URL https://www.ibuyfireplaces.com/product/empire-vfd36fb0f-36-breckenridge-circulating-flush-front-deluxe-vent-free-firebox, отримано https://www.ibuyfireplaces.com/product/empire-vfd32fb0f-32-breckenridge-circulating-flush-front-deluxe-vent-free-firebox."
https://www.ibuyfireplaces.com/media/catalog/category/fireplacelogs_ventlogs_4.png,https://www.ibuyfireplaces.com/,301,404,https://www.ibuyfireplaces.com/media/catalog/category/fireplacelogs_ventlogs_4.png,False,"Очікуваний код 301, отримано 404. Очікуваний фінальний URL https://www.ibuyfireplaces.com/, отримано https://www.ibuyfireplaces.com/media/catalog/category/fireplacelogs_ventlogs_4.png."
https://www.ibuyfireplaces.com/media/catalog/category/stoves_woodburningstoves_1.png,https://www.ibuyfireplaces.com/,301,404,https://www.ibuyfireplaces.com/media/catalog/category/stoves_woodburningstoves_1.png,False,"Очікуваний код 301, отримано 404. Очікуваний фінальний URL https://www.ibuyfireplaces.com/, отримано https://www.ibuyfireplaces.com/media/catalog/category/stoves_woodburningstoves_1.png."
https://www.ibuyfireplaces.com/media/catalog/product/cache/1/image/1200x1200/9df78eab33525d08d6e5fb8d27136e95/a/c/ac01316_1.jpg,https://www.ibuyfireplaces.com/,301,404,https://www.ibuyfireplaces.com/media/catalog/product/cache/1/image/1200x1200/9df78eab33525d08d6e5fb8d27136e95/a/c/ac01316_1.jpg,False,"Очікуваний код 301, отримано 404. Очікуваний фінальний URL https://www.ibuyfireplaces.com/, отримано https://www.ibuyfireplaces.com/media/catalog/product/cache/1/image/1200x1200/9df78eab33525d08d6e5fb8d27136e95/a/c/ac01316_1.jpg."
https://www.ibuyfireplaces.com/media/catalog/product/cache/1/image/1200x1200/9df78eab33525d08d6e5fb8d27136e95/b/4/b42_2.jpg,https://www.ibuyfireplaces.com/,301,404,https://www.ibuyfireplaces.com/media/catalog/product/cache/1/image/1200x1200/9df78eab33525d08d6e5fb8d27136e95/b/4/b42_2.jpg,False,"Очікуваний код 301, отримано 404. Очікуваний фінальний URL https://www.ibuyfireplaces.com/, отримано https://www.ibuyfireplaces.com/media/catalog/product/cache/1/image/1200x1200/9df78eab33525d08d6e5fb8d27136e95/b/4/b42_2.jpg."
https://www.ibuyfireplaces.com/media/catalog/product/cache/1/image/1200x1200/9df78eab33525d08d6e5fb8d27136e95/b/r/brn-0282.jpg,https://www.ibuyfireplaces.com/,301,404,https://www.ibuyfireplaces.com/media/catalog/product/cache/1/image/1200x1200/9df78eab33525d08d6e5fb8d27136e95/b/r/brn-0282.jpg,False,"Очікуваний код 301, отримано 404. Очікуваний фінальний URL https://www.ibuyfireplaces.com/, отримано https://www.ibuyfireplaces.com/media/catalog/product/cache/1/image/1200x1200/9df78eab33525d08d6e5fb8d27136e95/b/r/brn-0282.jpg."
https://www.ibuyfireplaces.com/ihp-superior-vrl4543zen-43-ng-ventfree-linear-fireplace.html,https://www.ibuyfireplaces.com/,301,301,https://www.ibuyfireplaces.com/brands/superior-gas-fireplaces,False,"Очікуваний фінальний URL https://www.ibuyfireplaces.com/, отримано https://www.ibuyfireplaces.com/brands/superior-gas-fireplaces."
https://www.ibuyfireplaces.com/media/catalog/product/cache/1/image/1200x1200/9df78eab33525d08d6e5fb8d27136e95/d/e/designer-series-wood-burnin_1.jpg,https://www.ibuyfireplaces.com/,301,404,https://www.ibuyfireplaces.com/media/catalog/product/cache/1/image/1200x1200/9df78eab33525d08d6e5fb8d27136e95/d/e/designer-series-wood-burnin_1.jpg,False,"Очікуваний код 301, отримано 404. Очікуваний фінальний URL https://www.ibuyfireplaces.com/, отримано https://www.ibuyfireplaces.com/media/catalog/product/cache/1/image/1200x1200/9df78eab33525d08d6e5fb8d27136e95/d/e/designer-series-wood-burnin_1.jpg."
https://www.ibuyfireplaces.com/media/catalog/product/cache/1/image/1200x1200/9df78eab33525d08d6e5fb8d27136e95/c/i/cisvf01as.jpg,https://www.ibuyfireplaces.com/,301,404,https://www.ibuyfireplaces.com/media/catalog/product/cache/1/image/1200x1200/9df78eab33525d08d6e5fb8d27136e95/c/i/cisvf01as.jpg,False,"Очікуваний код 301, отримано 404. Очікуваний фінальний URL https://www.ibuyfireplaces.com/, отримано https://www.ibuyfireplaces.com/media/catalog/product/cache/1/image/1200x1200/9df78eab33525d08d6e5fb8d27136e95/c/i/cisvf01as.jpg."
https://www.ibuyfireplaces.com/media/catalog/product/cache/1/image/1200x1200/9df78eab33525d08d6e5fb8d27136e95/d/r/drt2000_1_1.jpg,https://www.ibuyfireplaces.com/,301,404,https://www.ibuyfireplaces.com/media/catalog/product/cache/1/image/1200x1200/9df78eab33525d08d6e5fb8d27136e95/d/r/drt2000_1_1.jpg,False,"Очікуваний код 301, отримано 404. Очікуваний фінальний URL https://www.ibuyfireplaces.com/, отримано https://www.ibuyfireplaces.com/media/catalog/product/cache/1/image/1200x1200/9df78eab33525d08d6e5fb8d27136e95/d/r/drt2000_1_1.jpg."
https://www.ibuyfireplaces.com/media/catalog/product/cache/1/image/1200x1200/9df78eab33525d08d6e5fb8d27136e95/d/r/drl6500.jpg,https://www.ibuyfireplaces.com/,301,404,https://www.ibuyfireplaces.com/media/catalog/product/cache/1/image/1200x1200/9df78eab33525d08d6e5fb8d27136e95/d/r/drl6500.jpg,False,"Очікуваний код 301, отримано 404. Очікуваний фінальний URL https://www.ibuyfireplaces.com/, отримано https://www.ibuyfireplaces.com/media/catalog/product/cache/1/image/1200x1200/9df78eab33525d08d6e5fb8d27136e95/d/r/drl6500.jpg."
https://www.ibuyfireplaces.com/media/catalog/product/cache/1/image/1200x1200/9df78eab33525d08d6e5fb8d27136e95/d/r/drt3000_sc.jpg,https://www.ibuyfireplaces.com/,301,404,https://www.ibuyfireplaces.com/media/catalog/product/cache/1/image/1200x1200/9df78eab33525d08d6e5fb8d27136e95/d/r/drt3000_sc.jpg,False,"Очікуваний код 301, отримано 404. Очікуваний фінальний URL https://www.ibuyfireplaces.com/, отримано https://www.ibuyfireplaces.com/media/catalog/product/cache/1/image/1200x1200/9df78eab33525d08d6e5fb8d27136e95/d/r/drt3000_sc.jpg."
https://www.ibuyfireplaces.com/media/catalog/product/cache/1/image/1200x1200/9df78eab33525d08d6e5fb8d27136e95/g/d/gd82-heritage-arch-room-nap_1.jpg,https://www.ibuyfireplaces.com/,301,404,https://www.ibuyfireplaces.com/media/catalog/product/cache/1/image/1200x1200/9df78eab33525d08d6e5fb8d27136e95/g/d/gd82-heritage-arch-room-nap_1.jpg,False,"Очікуваний код 301, отримано 404. Очікуваний фінальний URL https://www.ibuyfireplaces.com/, отримано https://www.ibuyfireplaces.com/media/catalog/product/cache/1/image/1200x1200/9df78eab33525d08d6e5fb8d27136e95/g/d/gd82-heritage-arch-room-nap_1.jpg."
https://www.ibuyfireplaces.com/media/catalog/product/cache/1/image/1200x1200/9df78eab33525d08d6e5fb8d27136e95/d/r/drt4500_3.jpg,https://www.ibuyfireplaces.com/,301,404,https://www.ibuyfireplaces.com/media/catalog/product/cache/1/image/1200x1200/9df78eab33525d08d6e5fb8d27136e95/d/r/drt4500_3.jpg,False,"Очікуваний код 301, отримано 404. Очікуваний фінальний URL https://www.ibuyfireplaces.com/, отримано https://www.ibuyfireplaces.com/media/catalog/product/cache/1/image/1200x1200/9df78eab33525d08d6e5fb8d27136e95/d/r/drt4500_3.jpg."
https://www.ibuyfireplaces.com/ihp-superior-vre4543-linear-vent-free-outdoor-gas-fireplace.html,https://www.ibuyfireplaces.com/,301,301,https://www.ibuyfireplaces.com/brands/superior-gas-fireplaces,False,"Очікуваний фінальний URL https://www.ibuyfireplaces.com/, отримано https://www.ibuyfireplaces.com/brands/superior-gas-fireplaces."
https://www.ibuyfireplaces.com/media/catalog/product/cache/1/image/1200x1200/9df78eab33525d08d6e5fb8d27136e95/g/d/gdizc4_1.jpg,https://www.ibuyfireplaces.com/,301,404,https://www.ibuyfireplaces.com/media/catalog/product/cache/1/image/1200x1200/9df78eab33525d08d6e5fb8d27136e95/g/d/gdizc4_1.jpg,False,"Очікуваний код 301, отримано 404. Очікуваний фінальний URL https://www.ibuyfireplaces.com/, отримано https://www.ibuyfireplaces.com/media/catalog/product/cache/1/image/1200x1200/9df78eab33525d08d6e5fb8d27136e95/g/d/gdizc4_1.jpg."
https://www.ibuyfireplaces.com/media/catalog/product/cache/1/image/1200x1200/9df78eab33525d08d6e5fb8d27136e95/g/h/ghp0049.jpg,https://www.ibuyfireplaces.com/,301,404,https://www.ibuyfireplaces.com/media/catalog/product/cache/1/image/1200x1200/9df78eab33525d08d6e5fb8d27136e95/g/h/ghp0049.jpg,False,"Очікуваний код 301, отримано 404. Очікуваний фінальний URL https://www.ibuyfireplaces.com/, отримано https://www.ibuyfireplaces.com/media/catalog/product/cache/1/image/1200x1200/9df78eab33525d08d6e5fb8d27136e95/g/h/ghp0049.jpg."
https://www.ibuyfireplaces.com/media/catalog/product/cache/1/image/1200x1200/9df78eab33525d08d6e5fb8d27136e95/g/h/ghp0050.jpg,https://www.ibuyfireplaces.com/,301,404,https://www.ibuyfireplaces.com/media/catalog/product/cache/1/image/1200x1200/9df78eab33525d08d6e5fb8d27136e95/g/h/ghp0050.jpg,False,"Очікуваний код 301, отримано 404. Очікуваний фінальний URL https://www.ibuyfireplaces.com/, отримано https://www.ibuyfireplaces.com/media/catalog/product/cache/1/image/1200x1200/9df78eab33525d08d6e5fb8d27136e95/g/h/ghp0050.jpg."
https://www.ibuyfireplaces.com/media/catalog/product/cache/1/image/1200x1200/9df78eab33525d08d6e5fb8d27136e95/g/h/ghp0051_1.jpg,https://www.ibuyfireplaces.com/,301,404,https://www.ibuyfireplaces.com/media/catalog/product/cache/1/image/1200x1200/9df78eab33525d08d6e5fb8d27136e95/g/h/ghp0051_1.jpg,False,"Очікуваний код 301, отримано 404. Очікуваний фінальний URL https://www.ibuyfireplaces.com/, отримано https://www.ibuyfireplaces.com/media/catalog/product/cache/1/image/1200x1200/9df78eab33525d08d6e5fb8d27136e95/g/h/ghp0051_1.jpg."
https://www.ibuyfireplaces.com/ihp-superior-wrt4500-wood-burning-fireplace.html,https://www.ibuyfireplaces.com/,301,301,https://www.ibuyfireplaces.com/brands/superior-gas-fireplaces,False,"Очікуваний фінальний URL https://www.ibuyfireplaces.com/, отримано https://www.ibuyfireplaces.com/brands/superior-gas-fireplaces."
https://www.ibuyfireplaces.com/media/catalog/product/cache/1/image/1200x1200/9df78eab33525d08d6e5fb8d27136e95/m/a/mal-zir30-2_2.jpg,https://www.ibuyfireplaces.com/,301,404,https://www.ibuyfireplaces.com/media/catalog/product/cache/1/image/1200x1200/9df78eab33525d08d6e5fb8d27136e95/m/a/mal-zir30-2_2.jpg,False,"Очікуваний код 301, отримано 404. Очікуваний фінальний URL https://www.ibuyfireplaces.com/, отримано https://www.ibuyfireplaces.com/media/catalog/product/cache/1/image/1200x1200/9df78eab33525d08d6e5fb8d27136e95/m/a/mal-zir30-2_2.jpg."
https://www.ibuyfireplaces.com/media/catalog/product/cache/1/image/1200x1200/9df78eab33525d08d6e5fb8d27136e95/n/e/nep0170-3.jpg,https://www.ibuyfireplaces.com/,301,404,https://www.ibuyfireplaces.com/media/catalog/product/cache/1/image/1200x1200/9df78eab33525d08d6e5fb8d27136e95/n/e/nep0170-3.jpg,False,"Очікуваний код 301, отримано 404. Очікуваний фінальний URL https://www.ibuyfireplaces.com/, отримано https://www.ibuyfireplaces.com/media/catalog/product/cache/1/image/1200x1200/9df78eab33525d08d6e5fb8d27136e95/n/e/nep0170-3.jpg."
https://www.ibuyfireplaces.com/media/catalog/product/cache/1/image/1200x1200/9df78eab33525d08d6e5fb8d27136e95/m/a/mal-z34-2_1.jpg,https://www.ibuyfireplaces.com/,301,404,https://www.ibuyfireplaces.com/media/catalog/product/cache/1/image/1200x1200/9df78eab33525d08d6e5fb8d27136e95/m/a/mal-z34-2_1.jpg,False,"Очікуваний код 301, отримано 404. Очікуваний фінальний URL https://www.ibuyfireplaces.com/, отримано https://www.ibuyfireplaces.com/media/catalog/product/cache/1/image/1200x1200/9df78eab33525d08d6e5fb8d27136e95/m/a/mal-z34-2_1.jpg."
https://www.ibuyfireplaces.com/media/catalog/product/cache/1/image/1200x1200/9df78eab33525d08d6e5fb8d27136e95/n/e/nep0170.jpg,https://www.ibuyfireplaces.com/,301,404,https://www.ibuyfireplaces.com/media/catalog/product/cache/1/image/1200x1200/9df78eab33525d08d6e5fb8d27136e95/n/e/nep0170.jpg,False,"Очікуваний код 301, отримано 404. Очікуваний фінальний URL https://www.ibuyfireplaces.com/, отримано https://www.ibuyfireplaces.com/media/catalog/product/cache/1/image/1200x1200/9df78eab33525d08d6e5fb8d27136e95/n/e/nep0170.jpg."
https://www.ibuyfireplaces.com/media/catalog/product/cache/1/image/1200x1200/9df78eab33525d08d6e5fb8d27136e95/n/e/nep0171.jpg,https://www.ibuyfireplaces.com/,301,404,https://www.ibuyfireplaces.com/media/catalog/product/cache/1/image/1200x1200/9df78eab33525d08d6e5fb8d27136e95/n/e/nep0171.jpg,False,"Очікуваний код 301, отримано 404. Очікуваний фінальний URL https://www.ibuyfireplaces.com/, отримано https://www.ibuyfireplaces.com/media/catalog/product/cache/1/image/1200x1200/9df78eab33525d08d6e5fb8d27136e95/n/e/nep0171.jpg."
https://www.ibuyfireplaces.com/media/catalog/product/cache/1/image/1200x1200/9df78eab33525d08d6e5fb8d27136e95/n/e/nep5046-c-2.jpg,https://www.ibuyfireplaces.com/,301,404,https://www.ibuyfireplaces.com/media/catalog/product/cache/1/image/1200x1200/9df78eab33525d08d6e5fb8d27136e95/n/e/nep5046-c-2.jpg,False,"Очікуваний код 301, отримано 404. Очікуваний фінальний URL https://www.ibuyfireplaces.com/, отримано https://www.ibuyfireplaces.com/media/catalog/product/cache/1/image/1200x1200/9df78eab33525d08d6e5fb8d27136e95/n/e/nep5046-c-2.jpg."
https://www.ibuyfireplaces.com/media/catalog/product/cache/1/image/1200x1200/9df78eab33525d08d6e5fb8d27136e95/n/e/nep5039-c.jpg,https://www.ibuyfireplaces.com/,301,404,https://www.ibuyfireplaces.com/media/catalog/product/cache/1/image/1200x1200/9df78eab33525d08d6e5fb8d27136e95/n/e/nep5039-c.jpg,False,"Очікуваний код 301, отримано 404. Очікуваний фінальний URL https://www.ibuyfireplaces.com/, отримано https://www.ibuyfireplaces.com/media/catalog/product/cache/1/image/1200x1200/9df78eab33525d08d6e5fb8d27136e95/n/e/nep5039-c.jpg."
https://www.ibuyfireplaces.com/media/catalog/product/cache/1/image/1200x1200/9df78eab33525d08d6e5fb8d27136e95/n/e/nep5056-c-2.jpg,https://www.ibuyfireplaces.com/,301,404,https://www.ibuyfireplaces.com/media/catalog/product/cache/1/image/1200x1200/9df78eab33525d08d6e5fb8d27136e95/n/e/nep5056-c-2.jpg,False,"Очікуваний код 301, отримано 404. Очікуваний фінальний URL https://www.ibuyfireplaces.com/, отримано https://www.ibuyfireplaces.com/media/catalog/product/cache/1/image/1200x1200/9df78eab33525d08d6e5fb8d27136e95/n/e/nep5056-c-2.jpg."
https://www.ibuyfireplaces.com/media/catalog/product/cache/1/image/1200x1200/9df78eab33525d08d6e5fb8d27136e95/p/a/park-avenue-gd82t-pae-sands_1.jpg,https://www.ibuyfireplaces.com/,301,404,https://www.ibuyfireplaces.com/media/catalog/product/cache/1/image/1200x1200/9df78eab33525d08d6e5fb8d27136e95/p/a/park-avenue-gd82t-pae-sands_1.jpg,False,"Очікуваний код 301, отримано 404. Очікуваний фінальний URL https://www.ibuyfireplaces.com/, отримано https://www.ibuyfireplaces.com/media/catalog/product/cache/1/image/1200x1200/9df78eab33525d08d6e5fb8d27136e95/p/a/park-avenue-gd82t-pae-sands_1.jpg."
https://www.ibuyfireplaces.com/media/catalog/product/cache/1/image/1200x1200/9df78eab33525d08d6e5fb8d27136e95/s/4/s4-living-room-napoleon-fir.jpg,https://www.ibuyfireplaces.com/,301,404,https://www.ibuyfireplaces.com/media/catalog/product/cache/1/image/1200x1200/9df78eab33525d08d6e5fb8d27136e95/s/4/s4-living-room-napoleon-fir.jpg,False,"Очікуваний код 301, отримано 404. Очікуваний фінальний URL https://www.ibuyfireplaces.com/, отримано https://www.ibuyfireplaces.com/media/catalog/product/cache/1/image/1200x1200/9df78eab33525d08d6e5fb8d27136e95/s/4/s4-living-room-napoleon-fir.jpg."
https://www.ibuyfireplaces.com/media/catalog/product/cache/1/image/1200x1200/9df78eab33525d08d6e5fb8d27136e95/w/r/wrt4826_1_1.jpg,https://www.ibuyfireplaces.com/,301,404,https://www.ibuyfireplaces.com/media/catalog/product/cache/1/image/1200x1200/9df78eab33525d08d6e5fb8d27136e95/w/r/wrt4826_1_1.jpg,False,"Очікуваний код 301, отримано 404. Очікуваний фінальний URL https://www.ibuyfireplaces.com/, отримано https://www.ibuyfireplaces.com/media/catalog/product/cache/1/image/1200x1200/9df78eab33525d08d6e5fb8d27136e95/w/r/wrt4826_1_1.jpg."
https://www.ibuyfireplaces.com/media/catalog/product/cache/1/image/1200x1200/9df78eab33525d08d6e5fb8d27136e95/w/r/wrtct2000a.jpg,https://www.ibuyfireplaces.com/,301,404,https://www.ibuyfireplaces.com/media/catalog/product/cache/1/image/1200x1200/9df78eab33525d08d6e5fb8d27136e95/w/r/wrtct2000a.jpg,False,"Очікуваний код 301, отримано 404. Очікуваний фінальний URL https://www.ibuyfireplaces.com/, отримано https://www.ibuyfireplaces.com/media/catalog/product/cache/1/image/1200x1200/9df78eab33525d08d6e5fb8d27136e95/w/r/wrtct2000a.jpg."
https://www.ibuyfireplaces.com/media/catalog/product/cache/1/image/1200x1200/9df78eab33525d08d6e5fb8d27136e95/x/i/xir3g6.jpg,https://www.ibuyfireplaces.com/,301,404,https://www.ibuyfireplaces.com/media/catalog/product/cache/1/image/1200x1200/9df78eab33525d08d6e5fb8d27136e95/x/i/xir3g6.jpg,False,"Очікуваний код 301, отримано 404. Очікуваний фінальний URL https://www.ibuyfireplaces.com/, отримано https://www.ibuyfireplaces.com/media/catalog/product/cache/1/image/1200x1200/9df78eab33525d08d6e5fb8d27136e95/x/i/xir3g6.jpg."
https://www.ibuyfireplaces.com/,https://www.ibuyfireplaces.com/,301,200,https://www.ibuyfireplaces.com/,False,"Очікуваний код 301, отримано 200. "
https://www.ibuyfireplaces.com/checkout/cart/,https://www.ibuyfireplaces.com/cart,301,308,https://www.ibuyfireplaces.com/cart,False,"Очікуваний код 301, отримано 308. "
https://www.ibuyfireplaces.com/checkout/cart/,https://www.ibuyfireplaces.com/cart,301,308,https://www.ibuyfireplaces.com/cart,False,"Очікуваний код 301, отримано 308. "
https://www.ibuyfireplaces.com/customer/account/create/,https://www.ibuyfireplaces.com/,301,308,https://www.ibuyfireplaces.com/,False,"Очікуваний код 301, отримано 308. "
https://www.ibuyfireplaces.com/fireplaces/vent-free-fireplaces/ihp-superior-vrt4036zmn-36-ng-ventfree-mv-fireplace.html,https://www.ibuyfireplaces.com/category/gas-fireplaces/ventless-fireplaces,301,301,https://www.ibuyfireplaces.com/category/ventless-fireplaces,False,"Очікуваний фінальний URL https://www.ibuyfireplaces.com/category/gas-fireplaces/ventless-fireplaces, отримано https://www.ibuyfireplaces.com/category/ventless-fireplaces."
https://www.ibuyfireplaces.com/ihp-superior-vre4300-vent-free-outdoor-gas-fireplace.html,https://www.ibuyfireplaces.com/brands/superior-gas-fireplaces,301,301,https://www.ibuyfireplaces.com/category/outdoor-gas-fireplaces,False,"Очікуваний фінальний URL https://www.ibuyfireplaces.com/brands/superior-gas-fireplaces, отримано https://www.ibuyfireplaces.com/category/outdoor-gas-fireplaces."
https://www.ibuyfireplaces.com/ihp-superior-vre6000-vent-free-outdoor-gas-fireplace.html,https://www.ibuyfireplaces.com/brands/superior-gas-fireplaces,301,301,https://www.ibuyfireplaces.com/category/outdoor-gas-fireplaces,False,"Очікуваний фінальний URL https://www.ibuyfireplaces.com/brands/superior-gas-fireplaces, отримано https://www.ibuyfireplaces.com/category/outdoor-gas-fireplaces."
https://www.ibuyfireplaces.com/majestic-90-deg-elbow-slp90.html,https://www.ibuyfireplaces.com/majestic-90-deg-elbow-slp90.html,301,301,https://www.ibuyfireplaces.com/product/slp90-90-degree-elbow-4x6-58-slp-pipe,False,"Очікуваний фінальний URL https://www.ibuyfireplaces.com/majestic-90-deg-elbow-slp90.html, отримано https://www.ibuyfireplaces.com/product/slp90-90-degree-elbow-4x6-58-slp-pipe."
https://www.ibuyfireplaces.com/media/catalog/category/kozyworldlogo.png,https://www.ibuyfireplaces.com/,301,404,https://www.ibuyfireplaces.com/media/catalog/category/kozyworldlogo.png,False,"Очікуваний код 301, отримано 404. Очікуваний фінальний URL https://www.ibuyfireplaces.com/, отримано https://www.ibuyfireplaces.com/media/catalog/category/kozyworldlogo.png."
https://www.ibuyfireplaces.com/media/catalog/category/stoves_directventgasstoves.png,https://www.ibuyfireplaces.com/,301,404,https://www.ibuyfireplaces.com/media/catalog/category/stoves_directventgasstoves.png,False,"Очікуваний код 301, отримано 404. Очікуваний фінальний URL https://www.ibuyfireplaces.com/, отримано https://www.ibuyfireplaces.com/media/catalog/category/stoves_directventgasstoves.png."
https://www.ibuyfireplaces.com/media/catalog/category/ventingoption.jpg,https://www.ibuyfireplaces.com/,301,404,https://www.ibuyfireplaces.com/media/catalog/category/ventingoption.jpg,False,"Очікуваний код 301, отримано 404. Очікуваний фінальний URL https://www.ibuyfireplaces.com/, отримано https://www.ibuyfireplaces.com/media/catalog/category/ventingoption.jpg."
https://www.ibuyfireplaces.com/media/catalog/product/cache/1/image/1200x1200/9df78eab33525d08d6e5fb8d27136e95/1/4/1400_black_napoleon_fireplaces_1.jpg,https://www.ibuyfireplaces.com/,301,404,https://www.ibuyfireplaces.com/media/catalog/product/cache/1/image/1200x1200/9df78eab33525d08d6e5fb8d27136e95/1/4/1400_black_napoleon_fireplaces_1.jpg,False,"Очікуваний код 301, отримано 404. Очікуваний фінальний URL https://www.ibuyfireplaces.com/, отримано https://www.ibuyfireplaces.com/media/catalog/product/cache/1/image/1200x1200/9df78eab33525d08d6e5fb8d27136e95/1/4/1400_black_napoleon_fireplaces_1.jpg."
https://www.ibuyfireplaces.com/media/catalog/product/cache/1/image/1200x1200/9df78eab33525d08d6e5fb8d27136e95/3/_/3_1.jpg,https://www.ibuyfireplaces.com/,301,404,https://www.ibuyfireplaces.com/media/catalog/product/cache/1/image/1200x1200/9df78eab33525d08d6e5fb8d27136e95/3/_/3_1.jpg,False,"Очікуваний код 301, отримано 404. Очікуваний фінальний URL https://www.ibuyfireplaces.com/, отримано https://www.ibuyfireplaces.com/media/catalog/product/cache/1/image/1200x1200/9df78eab33525d08d6e5fb8d27136e95/3/_/3_1.jpg."
https://www.ibuyfireplaces.com/media/catalog/product/cache/1/image/1200x1200/9df78eab33525d08d6e5fb8d27136e95/6/T/6TI.jpg,https://www.ibuyfireplaces.com/,301,404,https://www.ibuyfireplaces.com/media/catalog/product/cache/1/image/1200x1200/9df78eab33525d08d6e5fb8d27136e95/6/T/6TI.jpg,False,"Очікуваний код 301, отримано 404. Очікуваний фінальний URL https://www.ibuyfireplaces.com/, отримано https://www.ibuyfireplaces.com/media/catalog/product/cache/1/image/1200x1200/9df78eab33525d08d6e5fb8d27136e95/6/T/6TI.jpg."
https://www.ibuyfireplaces.com/media/catalog/product/cache/1/image/1200x1200/9df78eab33525d08d6e5fb8d27136e95/b/r/brt45_2.jpg,https://www.ibuyfireplaces.com/,301,404,https://www.ibuyfireplaces.com/media/catalog/product/cache/1/image/1200x1200/9df78eab33525d08d6e5fb8d27136e95/b/r/brt45_2.jpg,False,"Очікуваний код 301, отримано 404. Очікуваний фінальний URL https://www.ibuyfireplaces.com/, отримано https://www.ibuyfireplaces.com/media/catalog/product/cache/1/image/1200x1200/9df78eab33525d08d6e5fb8d27136e95/b/r/brt45_2.jpg."
https://www.ibuyfireplaces.com/media/catalog/product/cache/1/image/1200x1200/9df78eab33525d08d6e5fb8d27136e95/b/r/brn-0277.jpg,https://www.ibuyfireplaces.com/,301,404,https://www.ibuyfireplaces.com/media/catalog/product/cache/1/image/1200x1200/9df78eab33525d08d6e5fb8d27136e95/b/r/brn-0277.jpg,False,"Очікуваний код 301, отримано 404. Очікуваний фінальний URL https://www.ibuyfireplaces.com/, отримано https://www.ibuyfireplaces.com/media/catalog/product/cache/1/image/1200x1200/9df78eab33525d08d6e5fb8d27136e95/b/r/brn-0277.jpg."
https://www.ibuyfireplaces.com/media/catalog/product/cache/1/image/1200x1200/9df78eab33525d08d6e5fb8d27136e95/c/p/cps0001.jpg,https://www.ibuyfireplaces.com/,301,404,https://www.ibuyfireplaces.com/media/catalog/product/cache/1/image/1200x1200/9df78eab33525d08d6e5fb8d27136e95/c/p/cps0001.jpg,False,"Очікуваний код 301, отримано 404. Очікуваний фінальний URL https://www.ibuyfireplaces.com/, отримано https://www.ibuyfireplaces.com/media/catalog/product/cache/1/image/1200x1200/9df78eab33525d08d6e5fb8d27136e95/c/p/cps0001.jpg."
https://www.ibuyfireplaces.com/media/catalog/product/cache/1/image/1200x1200/9df78eab33525d08d6e5fb8d27136e95/c/p/cps0001-2.jpg,https://www.ibuyfireplaces.com/,301,404,https://www.ibuyfireplaces.com/media/catalog/product/cache/1/image/1200x1200/9df78eab33525d08d6e5fb8d27136e95/c/p/cps0001-2.jpg,False,"Очікуваний код 301, отримано 404. Очікуваний фінальний URL https://www.ibuyfireplaces.com/, отримано https://www.ibuyfireplaces.com/media/catalog/product/cache/1/image/1200x1200/9df78eab33525d08d6e5fb8d27136e95/c/p/cps0001-2.jpg."
https://www.ibuyfireplaces.com/media/catalog/product/cache/1/image/1200x1200/9df78eab33525d08d6e5fb8d27136e95/d/f/df402nb_1.jpg,https://www.ibuyfireplaces.com/,301,404,https://www.ibuyfireplaces.com/media/catalog/product/cache/1/image/1200x1200/9df78eab33525d08d6e5fb8d27136e95/d/f/df402nb_1.jpg,False,"Очікуваний код 301, отримано 404. Очікуваний фінальний URL https://www.ibuyfireplaces.com/, отримано https://www.ibuyfireplaces.com/media/catalog/product/cache/1/image/1200x1200/9df78eab33525d08d6e5fb8d27136e95/d/f/df402nb_1.jpg."
https://www.ibuyfireplaces.com/media/catalog/product/cache/1/image/1200x1200/9df78eab33525d08d6e5fb8d27136e95/d/e/decorative-louver-mission_13.jpg,https://www.ibuyfireplaces.com/,301,404,https://www.ibuyfireplaces.com/media/catalog/product/cache/1/image/1200x1200/9df78eab33525d08d6e5fb8d27136e95/d/e/decorative-louver-mission_13.jpg,False,"Очікуваний код 301, отримано 404. Очікуваний фінальний URL https://www.ibuyfireplaces.com/, отримано https://www.ibuyfireplaces.com/media/catalog/product/cache/1/image/1200x1200/9df78eab33525d08d6e5fb8d27136e95/d/e/decorative-louver-mission_13.jpg."
https://www.ibuyfireplaces.com/media/catalog/product/cache/1/image/1200x1200/9df78eab33525d08d6e5fb8d27136e95/f/l/flex_liner_39.jpg,https://www.ibuyfireplaces.com/,301,404,https://www.ibuyfireplaces.com/media/catalog/product/cache/1/image/1200x1200/9df78eab33525d08d6e5fb8d27136e95/f/l/flex_liner_39.jpg,False,"Очікуваний код 301, отримано 404. Очікуваний фінальний URL https://www.ibuyfireplaces.com/, отримано https://www.ibuyfireplaces.com/media/catalog/product/cache/1/image/1200x1200/9df78eab33525d08d6e5fb8d27136e95/f/l/flex_liner_39.jpg."
https://www.ibuyfireplaces.com/media/catalog/product/cache/1/image/1200x1200/9df78eab33525d08d6e5fb8d27136e95/d/v/dvp36_2_1.jpg,https://www.ibuyfireplaces.com/,301,404,https://www.ibuyfireplaces.com/media/catalog/product/cache/1/image/1200x1200/9df78eab33525d08d6e5fb8d27136e95/d/v/dvp36_2_1.jpg,False,"Очікуваний код 301, отримано 404. Очікуваний фінальний URL https://www.ibuyfireplaces.com/, отримано https://www.ibuyfireplaces.com/media/catalog/product/cache/1/image/1200x1200/9df78eab33525d08d6e5fb8d27136e95/d/v/dvp36_2_1.jpg."
https://www.ibuyfireplaces.com/media/catalog/product/cache/1/image/1200x1200/9df78eab33525d08d6e5fb8d27136e95/g/d/gdi30_1.jpg,https://www.ibuyfireplaces.com/,301,404,https://www.ibuyfireplaces.com/media/catalog/product/cache/1/image/1200x1200/9df78eab33525d08d6e5fb8d27136e95/g/d/gdi30_1.jpg,False,"Очікуваний код 301, отримано 404. Очікуваний фінальний URL https://www.ibuyfireplaces.com/, отримано https://www.ibuyfireplaces.com/media/catalog/product/cache/1/image/1200x1200/9df78eab33525d08d6e5fb8d27136e95/g/d/gdi30_1.jpg."
https://www.ibuyfireplaces.com/media/catalog/product/cache/1/image/1200x1200/9df78eab33525d08d6e5fb8d27136e95/f/t/ftc-if10.jpg,https://www.ibuyfireplaces.com/,301,404,https://www.ibuyfireplaces.com/media/catalog/product/cache/1/image/1200x1200/9df78eab33525d08d6e5fb8d27136e95/f/t/ftc-if10.jpg,False,"Очікуваний код 301, отримано 404. Очікуваний фінальний URL https://www.ibuyfireplaces.com/, отримано https://www.ibuyfireplaces.com/media/catalog/product/cache/1/image/1200x1200/9df78eab33525d08d6e5fb8d27136e95/f/t/ftc-if10.jpg."
https://www.ibuyfireplaces.com/media/catalog/product/cache/1/image/1200x1200/9df78eab33525d08d6e5fb8d27136e95/g/e/gep.jpg,https://www.ibuyfireplaces.com/,301,404,https://www.ibuyfireplaces.com/media/catalog/product/cache/1/image/1200x1200/9df78eab33525d08d6e5fb8d27136e95/g/e/gep.jpg,False,"Очікуваний код 301, отримано 404. Очікуваний фінальний URL https://www.ibuyfireplaces.com/, отримано https://www.ibuyfireplaces.com/media/catalog/product/cache/1/image/1200x1200/9df78eab33525d08d6e5fb8d27136e95/g/e/gep.jpg."
https://www.ibuyfireplaces.com/media/catalog/product/cache/1/image/1200x1200/9df78eab33525d08d6e5fb8d27136e95/l/p/lpdbk2.jpg,https://www.ibuyfireplaces.com/,301,404,https://www.ibuyfireplaces.com/media/catalog/product/cache/1/image/1200x1200/9df78eab33525d08d6e5fb8d27136e95/l/p/lpdbk2.jpg,False,"Очікуваний код 301, отримано 404. Очікуваний фінальний URL https://www.ibuyfireplaces.com/, отримано https://www.ibuyfireplaces.com/media/catalog/product/cache/1/image/1200x1200/9df78eab33525d08d6e5fb8d27136e95/l/p/lpdbk2.jpg."
https://www.ibuyfireplaces.com/media/catalog/product/cache/1/image/1200x1200/9df78eab33525d08d6e5fb8d27136e95/h/i/high-country-nz7000-burning-smooth-bk-screen-down-napoleon-fireplaces_1.jpg,https://www.ibuyfireplaces.com/,301,404,https://www.ibuyfireplaces.com/media/catalog/product/cache/1/image/1200x1200/9df78eab33525d08d6e5fb8d27136e95/h/i/high-country-nz7000-burning-smooth-bk-screen-down-napoleon-fireplaces_1.jpg,False,"Очікуваний код 301, отримано 404. Очікуваний фінальний URL https://www.ibuyfireplaces.com/, отримано https://www.ibuyfireplaces.com/media/catalog/product/cache/1/image/1200x1200/9df78eab33525d08d6e5fb8d27136e95/h/i/high-country-nz7000-burning-smooth-bk-screen-down-napoleon-fireplaces_1.jpg."
https://www.ibuyfireplaces.com/media/catalog/product/cache/1/image/1200x1200/9df78eab33525d08d6e5fb8d27136e95/m/a/maj0855_1.jpg,https://www.ibuyfireplaces.com/,301,404,https://www.ibuyfireplaces.com/media/catalog/product/cache/1/image/1200x1200/9df78eab33525d08d6e5fb8d27136e95/m/a/maj0855_1.jpg,False,"Очікуваний код 301, отримано 404. Очікуваний фінальний URL https://www.ibuyfireplaces.com/, отримано https://www.ibuyfireplaces.com/media/catalog/product/cache/1/image/1200x1200/9df78eab33525d08d6e5fb8d27136e95/m/a/maj0855_1.jpg."
https://www.ibuyfireplaces.com/media/catalog/product/cache/1/image/1200x1200/9df78eab33525d08d6e5fb8d27136e95/m/a/maj0859.jpg,https://www.ibuyfireplaces.com/,301,404,https://www.ibuyfireplaces.com/media/catalog/product/cache/1/image/1200x1200/9df78eab33525d08d6e5fb8d27136e95/m/a/maj0859.jpg,False,"Очікуваний код 301, отримано 404. Очікуваний фінальний URL https://www.ibuyfireplaces.com/, отримано https://www.ibuyfireplaces.com/media/catalog/product/cache/1/image/1200x1200/9df78eab33525d08d6e5fb8d27136e95/m/a/maj0859.jpg."
https://www.ibuyfireplaces.com/media/catalog/product/cache/1/image/1200x1200/9df78eab33525d08d6e5fb8d27136e95/m/a/majestic_logo.jpg,https://www.ibuyfireplaces.com/,301,404,https://www.ibuyfireplaces.com/media/catalog/product/cache/1/image/1200x1200/9df78eab33525d08d6e5fb8d27136e95/m/a/majestic_logo.jpg,False,"Очікуваний код 301, отримано 404. Очікуваний фінальний URL https://www.ibuyfireplaces.com/, отримано https://www.ibuyfireplaces.com/media/catalog/product/cache/1/image/1200x1200/9df78eab33525d08d6e5fb8d27136e95/m/a/majestic_logo.jpg."
https://www.ibuyfireplaces.com/media/catalog/product/cache/1/image/1200x1200/9df78eab33525d08d6e5fb8d27136e95/m/a/mal-carosel_1.jpg,https://www.ibuyfireplaces.com/,301,404,https://www.ibuyfireplaces.com/media/catalog/product/cache/1/image/1200x1200/9df78eab33525d08d6e5fb8d27136e95/m/a/mal-carosel_1.jpg,False,"Очікуваний код 301, отримано 404. Очікуваний фінальний URL https://www.ibuyfireplaces.com/, отримано https://www.ibuyfireplaces.com/media/catalog/product/cache/1/image/1200x1200/9df78eab33525d08d6e5fb8d27136e95/m/a/mal-carosel_1.jpg."
https://www.ibuyfireplaces.com/media/catalog/product/cache/1/image/1200x1200/9df78eab33525d08d6e5fb8d27136e95/m/a/mal0005_main_2.jpg,https://www.ibuyfireplaces.com/,301,404,https://www.ibuyfireplaces.com/media/catalog/product/cache/1/image/1200x1200/9df78eab33525d08d6e5fb8d27136e95/m/a/mal0005_main_2.jpg,False,"Очікуваний код 301, отримано 404. Очікуваний фінальний URL https://www.ibuyfireplaces.com/, отримано https://www.ibuyfireplaces.com/media/catalog/product/cache/1/image/1200x1200/9df78eab33525d08d6e5fb8d27136e95/m/a/mal0005_main_2.jpg."
https://www.ibuyfireplaces.com/media/catalog/product/cache/1/image/1200x1200/9df78eab33525d08d6e5fb8d27136e95/m/a/mal-z38-2_1.jpg,https://www.ibuyfireplaces.com/,301,404,https://www.ibuyfireplaces.com/media/catalog/product/cache/1/image/1200x1200/9df78eab33525d08d6e5fb8d27136e95/m/a/mal-z38-2_1.jpg,False,"Очікуваний код 301, отримано 404. Очікуваний фінальний URL https://www.ibuyfireplaces.com/, отримано https://www.ibuyfireplaces.com/media/catalog/product/cache/1/image/1200x1200/9df78eab33525d08d6e5fb8d27136e95/m/a/mal-z38-2_1.jpg."
https://www.ibuyfireplaces.com/media/catalog/product/cache/1/image/1200x1200/9df78eab33525d08d6e5fb8d27136e95/m/a/mal0007a_1_2.jpg,https://www.ibuyfireplaces.com/,301,404,https://www.ibuyfireplaces.com/media/catalog/product/cache/1/image/1200x1200/9df78eab33525d08d6e5fb8d27136e95/m/a/mal0007a_1_2.jpg,False,"Очікуваний код 301, отримано 404. Очікуваний фінальний URL https://www.ibuyfireplaces.com/, отримано https://www.ibuyfireplaces.com/media/catalog/product/cache/1/image/1200x1200/9df78eab33525d08d6e5fb8d27136e95/m/a/mal0007a_1_2.jpg."
https://www.ibuyfireplaces.com/media/catalog/product/cache/1/image/1200x1200/9df78eab33525d08d6e5fb8d27136e95/m/a/mal0008_3_2.jpg,https://www.ibuyfireplaces.com/,301,404,https://www.ibuyfireplaces.com/media/catalog/product/cache/1/image/1200x1200/9df78eab33525d08d6e5fb8d27136e95/m/a/mal0008_3_2.jpg,False,"Очікуваний код 301, отримано 404. Очікуваний фінальний URL https://www.ibuyfireplaces.com/, отримано https://www.ibuyfireplaces.com/media/catalog/product/cache/1/image/1200x1200/9df78eab33525d08d6e5fb8d27136e95/m/a/mal0008_3_2.jpg."
https://www.ibuyfireplaces.com/media/catalog/product/cache/1/image/1200x1200/9df78eab33525d08d6e5fb8d27136e95/m/a/mal5004-c-3.jpg,https://www.ibuyfireplaces.com/,301,404,https://www.ibuyfireplaces.com/media/catalog/product/cache/1/image/1200x1200/9df78eab33525d08d6e5fb8d27136e95/m/a/mal5004-c-3.jpg,False,"Очікуваний код 301, отримано 404. Очікуваний фінальний URL https://www.ibuyfireplaces.com/, отримано https://www.ibuyfireplaces.com/media/catalog/product/cache/1/image/1200x1200/9df78eab33525d08d6e5fb8d27136e95/m/a/mal5004-c-3.jpg."
https://www.ibuyfireplaces.com/media/catalog/product/cache/1/image/1200x1200/9df78eab33525d08d6e5fb8d27136e95/m/l/mlm001-r_2.jpg,https://www.ibuyfireplaces.com/,301,404,https://www.ibuyfireplaces.com/media/catalog/product/cache/1/image/1200x1200/9df78eab33525d08d6e5fb8d27136e95/m/l/mlm001-r_2.jpg,False,"Очікуваний код 301, отримано 404. Очікуваний фінальний URL https://www.ibuyfireplaces.com/, отримано https://www.ibuyfireplaces.com/media/catalog/product/cache/1/image/1200x1200/9df78eab33525d08d6e5fb8d27136e95/m/l/mlm001-r_2.jpg."
https://www.ibuyfireplaces.com/media/catalog/product/cache/1/image/1200x1200/9df78eab33525d08d6e5fb8d27136e95/m/l/mlm001-w_2.jpg,https://www.ibuyfireplaces.com/,301,404,https://www.ibuyfireplaces.com/media/catalog/product/cache/1/image/1200x1200/9df78eab33525d08d6e5fb8d27136e95/m/l/mlm001-w_2.jpg,False,"Очікуваний код 301, отримано 404. Очікуваний фінальний URL https://www.ibuyfireplaces.com/, отримано https://www.ibuyfireplaces.com/media/catalog/product/cache/1/image/1200x1200/9df78eab33525d08d6e5fb8d27136e95/m/l/mlm001-w_2.jpg."
https://www.ibuyfireplaces.com/media/catalog/product/cache/1/image/1200x1200/9df78eab33525d08d6e5fb8d27136e95/m/o/mon-blot.jpg,https://www.ibuyfireplaces.com/,301,404,https://www.ibuyfireplaces.com/media/catalog/product/cache/1/image/1200x1200/9df78eab33525d08d6e5fb8d27136e95/m/o/mon-blot.jpg,False,"Очікуваний код 301, отримано 404. Очікуваний фінальний URL https://www.ibuyfireplaces.com/, отримано https://www.ibuyfireplaces.com/media/catalog/product/cache/1/image/1200x1200/9df78eab33525d08d6e5fb8d27136e95/m/o/mon-blot.jpg."
https://www.ibuyfireplaces.com/media/catalog/product/cache/1/image/1200x1200/9df78eab33525d08d6e5fb8d27136e95/n/e/nep0435_2.jpg,https://www.ibuyfireplaces.com/,301,404,https://www.ibuyfireplaces.com/media/catalog/product/cache/1/image/1200x1200/9df78eab33525d08d6e5fb8d27136e95/n/e/nep0435_2.jpg,False,"Очікуваний код 301, отримано 404. Очікуваний фінальний URL https://www.ibuyfireplaces.com/, отримано https://www.ibuyfireplaces.com/media/catalog/product/cache/1/image/1200x1200/9df78eab33525d08d6e5fb8d27136e95/n/e/nep0435_2.jpg."
https://www.ibuyfireplaces.com/media/catalog/product/cache/1/image/1200x1200/9df78eab33525d08d6e5fb8d27136e95/n/e/nep0435-6_2.jpg,https://www.ibuyfireplaces.com/,301,404,https://www.ibuyfireplaces.com/media/catalog/product/cache/1/image/1200x1200/9df78eab33525d08d6e5fb8d27136e95/n/e/nep0435-6_2.jpg,False,"Очікуваний код 301, отримано 404. Очікуваний фінальний URL https://www.ibuyfireplaces.com/, отримано https://www.ibuyfireplaces.com/media/catalog/product/cache/1/image/1200x1200/9df78eab33525d08d6e5fb8d27136e95/n/e/nep0435-6_2.jpg."
https://www.ibuyfireplaces.com/media/catalog/product/cache/1/image/1200x1200/9df78eab33525d08d6e5fb8d27136e95/n/e/nep0441.jpg,https://www.ibuyfireplaces.com/,301,404,https://www.ibuyfireplaces.com/media/catalog/product/cache/1/image/1200x1200/9df78eab33525d08d6e5fb8d27136e95/n/e/nep0441.jpg,False,"Очікуваний код 301, отримано 404. Очікуваний фінальний URL https://www.ibuyfireplaces.com/, отримано https://www.ibuyfireplaces.com/media/catalog/product/cache/1/image/1200x1200/9df78eab33525d08d6e5fb8d27136e95/n/e/nep0441.jpg."
https://www.ibuyfireplaces.com/media/catalog/product/cache/1/image/1200x1200/9df78eab33525d08d6e5fb8d27136e95/n/e/nep0435-7_2.jpg,https://www.ibuyfireplaces.com/,301,404,https://www.ibuyfireplaces.com/media/catalog/product/cache/1/image/1200x1200/9df78eab33525d08d6e5fb8d27136e95/n/e/nep0435-7_2.jpg,False,"Очікуваний код 301, отримано 404. Очікуваний фінальний URL https://www.ibuyfireplaces.com/, отримано https://www.ibuyfireplaces.com/media/catalog/product/cache/1/image/1200x1200/9df78eab33525d08d6e5fb8d27136e95/n/e/nep0435-7_2.jpg."
https://www.ibuyfireplaces.com/media/catalog/product/cache/1/image/1200x1200/9df78eab33525d08d6e5fb8d27136e95/n/e/nep0454-2.jpg,https://www.ibuyfireplaces.com/,301,404,https://www.ibuyfireplaces.com/media/catalog/product/cache/1/image/1200x1200/9df78eab33525d08d6e5fb8d27136e95/n/e/nep0454-2.jpg,False,"Очікуваний код 301, отримано 404. Очікуваний фінальний URL https://www.ibuyfireplaces.com/, отримано https://www.ibuyfireplaces.com/media/catalog/product/cache/1/image/1200x1200/9df78eab33525d08d6e5fb8d27136e95/n/e/nep0454-2.jpg."
https://www.ibuyfireplaces.com/media/catalog/product/cache/1/image/1200x1200/9df78eab33525d08d6e5fb8d27136e95/n/e/nep0454.jpg,https://www.ibuyfireplaces.com/,301,404,https://www.ibuyfireplaces.com/media/catalog/product/cache/1/image/1200x1200/9df78eab33525d08d6e5fb8d27136e95/n/e/nep0454.jpg,False,"Очікуваний код 301, отримано 404. Очікуваний фінальний URL https://www.ibuyfireplaces.com/, отримано https://www.ibuyfireplaces.com/media/catalog/product/cache/1/image/1200x1200/9df78eab33525d08d6e5fb8d27136e95/n/e/nep0454.jpg."
https://www.ibuyfireplaces.com/media/catalog/product/cache/1/image/1200x1200/9df78eab33525d08d6e5fb8d27136e95/n/e/nep5043-c-4.jpg,https://www.ibuyfireplaces.com/,301,404,https://www.ibuyfireplaces.com/media/catalog/product/cache/1/image/1200x1200/9df78eab33525d08d6e5fb8d27136e95/n/e/nep5043-c-4.jpg,False,"Очікуваний код 301, отримано 404. Очікуваний фінальний URL https://www.ibuyfireplaces.com/, отримано https://www.ibuyfireplaces.com/media/catalog/product/cache/1/image/1200x1200/9df78eab33525d08d6e5fb8d27136e95/n/e/nep5043-c-4.jpg."
https://www.ibuyfireplaces.com/media/catalog/product/cache/1/image/1200x1200/9df78eab33525d08d6e5fb8d27136e95/n/e/nep0468_2.jpg,https://www.ibuyfireplaces.com/,301,404,https://www.ibuyfireplaces.com/media/catalog/product/cache/1/image/1200x1200/9df78eab33525d08d6e5fb8d27136e95/n/e/nep0468_2.jpg,False,"Очікуваний код 301, отримано 404. Очікуваний фінальний URL https://www.ibuyfireplaces.com/, отримано https://www.ibuyfireplaces.com/media/catalog/product/cache/1/image/1200x1200/9df78eab33525d08d6e5fb8d27136e95/n/e/nep0468_2.jpg."
https://www.ibuyfireplaces.com/media/catalog/product/cache/1/image/1200x1200/9df78eab33525d08d6e5fb8d27136e95/n/e/nep5043-c-6.jpg,https://www.ibuyfireplaces.com/,301,404,https://www.ibuyfireplaces.com/media/catalog/product/cache/1/image/1200x1200/9df78eab33525d08d6e5fb8d27136e95/n/e/nep5043-c-6.jpg,False,"Очікуваний код 301, отримано 404. Очікуваний фінальний URL https://www.ibuyfireplaces.com/, отримано https://www.ibuyfireplaces.com/media/catalog/product/cache/1/image/1200x1200/9df78eab33525d08d6e5fb8d27136e95/n/e/nep5043-c-6.jpg."
https://www.ibuyfireplaces.com/media/catalog/product/cache/1/image/1200x1200/9df78eab33525d08d6e5fb8d27136e95/n/e/nep5043-c.jpg,https://www.ibuyfireplaces.com/,301,404,https://www.ibuyfireplaces.com/media/catalog/product/cache/1/image/1200x1200/9df78eab33525d08d6e5fb8d27136e95/n/e/nep5043-c.jpg,False,"Очікуваний код 301, отримано 404. Очікуваний фінальний URL https://www.ibuyfireplaces.com/, отримано https://www.ibuyfireplaces.com/media/catalog/product/cache/1/image/1200x1200/9df78eab33525d08d6e5fb8d27136e95/n/e/nep5043-c.jpg."
https://www.ibuyfireplaces.com/media/catalog/product/cache/1/image/1200x1200/9df78eab33525d08d6e5fb8d27136e95/n/p/nps407_1.jpg,https://www.ibuyfireplaces.com/,301,404,https://www.ibuyfireplaces.com/media/catalog/product/cache/1/image/1200x1200/9df78eab33525d08d6e5fb8d27136e95/n/p/nps407_1.jpg,False,"Очікуваний код 301, отримано 404. Очікуваний фінальний URL https://www.ibuyfireplaces.com/, отримано https://www.ibuyfireplaces.com/media/catalog/product/cache/1/image/1200x1200/9df78eab33525d08d6e5fb8d27136e95/n/p/nps407_1.jpg."
https://www.ibuyfireplaces.com/media/catalog/product/cache/1/image/1200x1200/9df78eab33525d08d6e5fb8d27136e95/o/l/ol60tp_2.jpg,https://www.ibuyfireplaces.com/,301,404,https://www.ibuyfireplaces.com/media/catalog/product/cache/1/image/1200x1200/9df78eab33525d08d6e5fb8d27136e95/o/l/ol60tp_2.jpg,False,"Очікуваний код 301, отримано 404. Очікуваний фінальний URL https://www.ibuyfireplaces.com/, отримано https://www.ibuyfireplaces.com/media/catalog/product/cache/1/image/1200x1200/9df78eab33525d08d6e5fb8d27136e95/o/l/ol60tp_2.jpg."
https://www.ibuyfireplaces.com/media/catalog/product/cache/1/image/1200x1200/9df78eab33525d08d6e5fb8d27136e95/r/o/royalton-wood-burning-firep.jpg,https://www.ibuyfireplaces.com/,301,404,https://www.ibuyfireplaces.com/media/catalog/product/cache/1/image/1200x1200/9df78eab33525d08d6e5fb8d27136e95/r/o/royalton-wood-burning-firep.jpg,False,"Очікуваний код 301, отримано 404. Очікуваний фінальний URL https://www.ibuyfireplaces.com/, отримано https://www.ibuyfireplaces.com/media/catalog/product/cache/1/image/1200x1200/9df78eab33525d08d6e5fb8d27136e95/r/o/royalton-wood-burning-firep.jpg."
https://www.ibuyfireplaces.com/media/catalog/product/cache/1/image/1200x1200/9df78eab33525d08d6e5fb8d27136e95/t/r/treehouse11.jpg,https://www.ibuyfireplaces.com/,301,404,https://www.ibuyfireplaces.com/media/catalog/product/cache/1/image/1200x1200/9df78eab33525d08d6e5fb8d27136e95/t/r/treehouse11.jpg,False,"Очікуваний код 301, отримано 404. Очікуваний фінальний URL https://www.ibuyfireplaces.com/, отримано https://www.ibuyfireplaces.com/media/catalog/product/cache/1/image/1200x1200/9df78eab33525d08d6e5fb8d27136e95/t/r/treehouse11.jpg."
https://www.ibuyfireplaces.com/media/catalog/product/cache/1/image/1200x1200/9df78eab33525d08d6e5fb8d27136e95/w/c/wct6820a_1.jpg,https://www.ibuyfireplaces.com/,301,404,https://www.ibuyfireplaces.com/media/catalog/product/cache/1/image/1200x1200/9df78eab33525d08d6e5fb8d27136e95/w/c/wct6820a_1.jpg,False,"Очікуваний код 301, отримано 404. Очікуваний фінальний URL https://www.ibuyfireplaces.com/, отримано https://www.ibuyfireplaces.com/media/catalog/product/cache/1/image/1200x1200/9df78eab33525d08d6e5fb8d27136e95/w/c/wct6820a_1.jpg."
https://www.ibuyfireplaces.com/media/catalog/product/cache/1/image/1200x1200/9df78eab33525d08d6e5fb8d27136e95/v/r/vre4300.jpg,https://www.ibuyfireplaces.com/,301,404,https://www.ibuyfireplaces.com/media/catalog/product/cache/1/image/1200x1200/9df78eab33525d08d6e5fb8d27136e95/v/r/vre4300.jpg,False,"Очікуваний код 301, отримано 404. Очікуваний фінальний URL https://www.ibuyfireplaces.com/, отримано https://www.ibuyfireplaces.com/media/catalog/product/cache/1/image/1200x1200/9df78eab33525d08d6e5fb8d27136e95/v/r/vre4300.jpg."
https://www.ibuyfireplaces.com/media/catalog/product/cache/1/image/1200x1200/9df78eab33525d08d6e5fb8d27136e95/w/c/wct6940web1.jpg,https://www.ibuyfireplaces.com/,301,404,https://www.ibuyfireplaces.com/media/catalog/product/cache/1/image/1200x1200/9df78eab33525d08d6e5fb8d27136e95/w/c/wct6940web1.jpg,False,"Очікуваний код 301, отримано 404. Очікуваний фінальний URL https://www.ibuyfireplaces.com/, отримано https://www.ibuyfireplaces.com/media/catalog/product/cache/1/image/1200x1200/9df78eab33525d08d6e5fb8d27136e95/w/c/wct6940web1.jpg."
https://www.ibuyfireplaces.com/media/catalog/product/cache/1/image/1200x1200/9df78eab33525d08d6e5fb8d27136e95/w/r/wrt4826_1_1.jpg,https://www.ibuyfireplaces.com/,301,404,https://www.ibuyfireplaces.com/media/catalog/product/cache/1/image/1200x1200/9df78eab33525d08d6e5fb8d27136e95/w/r/wrt4826_1_1.jpg,False,"Очікуваний код 301, отримано 404. Очікуваний фінальний URL https://www.ibuyfireplaces.com/, отримано https://www.ibuyfireplaces.com/media/catalog/product/cache/1/image/1200x1200/9df78eab33525d08d6e5fb8d27136e95/w/r/wrt4826_1_1.jpg."
https://www.ibuyfireplaces.com/media/catalog/product/cache/1/image/1200x1200/9df78eab33525d08d6e5fb8d27136e95/z/i/zircon_dv_71.jpg,https://www.ibuyfireplaces.com/,301,404,https://www.ibuyfireplaces.com/media/catalog/product/cache/1/image/1200x1200/9df78eab33525d08d6e5fb8d27136e95/z/i/zircon_dv_71.jpg,False,"Очікуваний код 301, отримано 404. Очікуваний фінальний URL https://www.ibuyfireplaces.com/, отримано https://www.ibuyfireplaces.com/media/catalog/product/cache/1/image/1200x1200/9df78eab33525d08d6e5fb8d27136e95/z/i/zircon_dv_71.jpg."
https://www.ibuyfireplaces.com/media/catalog/product/cache/1/image/1200x1200/9df78eab33525d08d6e5fb8d27136e95/z/i/zir38alm_2.jpg,https://www.ibuyfireplaces.com/,301,404,https://www.ibuyfireplaces.com/media/catalog/product/cache/1/image/1200x1200/9df78eab33525d08d6e5fb8d27136e95/z/i/zir38alm_2.jpg,False,"Очікуваний код 301, отримано 404. Очікуваний фінальний URL https://www.ibuyfireplaces.com/, отримано https://www.ibuyfireplaces.com/media/catalog/product/cache/1/image/1200x1200/9df78eab33525d08d6e5fb8d27136e95/z/i/zir38alm_2.jpg."
https://www.ibuyfireplaces.com/media/catalog/product/cache/1/image/1200x1200/9df78eab33525d08d6e5fb8d27136e95/z/i/zircon_electric_1.jpg,https://www.ibuyfireplaces.com/,301,404,https://www.ibuyfireplaces.com/media/catalog/product/cache/1/image/1200x1200/9df78eab33525d08d6e5fb8d27136e95/z/i/zircon_electric_1.jpg,False,"Очікуваний код 301, отримано 404. Очікуваний фінальний URL https://www.ibuyfireplaces.com/, отримано https://www.ibuyfireplaces.com/media/catalog/product/cache/1/image/1200x1200/9df78eab33525d08d6e5fb8d27136e95/z/i/zircon_electric_1.jpg."
https://www.ibuyfireplaces.com/media/catalog/product/cache/1/image/1200x1200/9df78eab33525d08d6e5fb8d27136e95/z/i/zircon_electric_2.jpg,https://www.ibuyfireplaces.com/,301,404,https://www.ibuyfireplaces.com/media/catalog/product/cache/1/image/1200x1200/9df78eab33525d08d6e5fb8d27136e95/z/i/zircon_electric_2.jpg,False,"Очікуваний код 301, отримано 404. Очікуваний фінальний URL https://www.ibuyfireplaces.com/, отримано https://www.ibuyfireplaces.com/media/catalog/product/cache/1/image/1200x1200/9df78eab33525d08d6e5fb8d27136e95/z/i/zircon_electric_2.jpg."
https://www.ibuyfireplaces.com/media/catalog/product/cache/1/image/265x/9df78eab33525d08d6e5fb8d27136e95/c/p/cps0001.jpg,https://www.ibuyfireplaces.com/,301,404,https://www.ibuyfireplaces.com/media/catalog/product/cache/1/image/265x/9df78eab33525d08d6e5fb8d27136e95/c/p/cps0001.jpg,False,"Очікуваний код 301, отримано 404. Очікуваний фінальний URL https://www.ibuyfireplaces.com/, отримано https://www.ibuyfireplaces.com/media/catalog/product/cache/1/image/265x/9df78eab33525d08d6e5fb8d27136e95/c/p/cps0001.jpg."
https://www.ibuyfireplaces.com/media/catalog/product/cache/1/image/265x/9df78eab33525d08d6e5fb8d27136e95/z/n/znapoleonlogo_467.png,https://www.ibuyfireplaces.com/,301,404,https://www.ibuyfireplaces.com/media/catalog/product/cache/1/image/265x/9df78eab33525d08d6e5fb8d27136e95/z/n/znapoleonlogo_467.png,False,"Очікуваний код 301, отримано 404. Очікуваний фінальний URL https://www.ibuyfireplaces.com/, отримано https://www.ibuyfireplaces.com/media/catalog/product/cache/1/image/265x/9df78eab33525d08d6e5fb8d27136e95/z/n/znapoleonlogo_467.png."
https://www.ibuyfireplaces.com/media/catalog/product/cache/1/image/494x494/9df78eab33525d08d6e5fb8d27136e95/d/v/dvll36bp_2.jpg,https://www.ibuyfireplaces.com/,301,404,https://www.ibuyfireplaces.com/media/catalog/product/cache/1/image/494x494/9df78eab33525d08d6e5fb8d27136e95/d/v/dvll36bp_2.jpg,False,"Очікуваний код 301, отримано 404. Очікуваний фінальний URL https://www.ibuyfireplaces.com/, отримано https://www.ibuyfireplaces.com/media/catalog/product/cache/1/image/494x494/9df78eab33525d08d6e5fb8d27136e95/d/v/dvll36bp_2.jpg."
https://www.ibuyfireplaces.com/media/catalog/product/cache/1/image/494x494/9df78eab33525d08d6e5fb8d27136e95/n/e/nep5043-c.jpg,https://www.ibuyfireplaces.com/,301,404,https://www.ibuyfireplaces.com/media/catalog/product/cache/1/image/494x494/9df78eab33525d08d6e5fb8d27136e95/n/e/nep5043-c.jpg,False,"Очікуваний код 301, отримано 404. Очікуваний фінальний URL https://www.ibuyfireplaces.com/, отримано https://www.ibuyfireplaces.com/media/catalog/product/cache/1/image/494x494/9df78eab33525d08d6e5fb8d27136e95/n/e/nep5043-c.jpg."
https://www.ibuyfireplaces.com/media/catalog/product/cache/1/image/988x988/9df78eab33525d08d6e5fb8d27136e95/A/C/AC06705_2.jpg,https://www.ibuyfireplaces.com/,301,404,https://www.ibuyfireplaces.com/media/catalog/product/cache/1/image/988x988/9df78eab33525d08d6e5fb8d27136e95/A/C/AC06705_2.jpg,False,"Очікуваний код 301, отримано 404. Очікуваний фінальний URL https://www.ibuyfireplaces.com/, отримано https://www.ibuyfireplaces.com/media/catalog/product/cache/1/image/988x988/9df78eab33525d08d6e5fb8d27136e95/A/C/AC06705_2.jpg."
https://www.ibuyfireplaces.com/media/catalog/product/cache/1/image/988x988/9df78eab33525d08d6e5fb8d27136e95/m/a/mal0005_main_2.jpg,https://www.ibuyfireplaces.com/,301,404,https://www.ibuyfireplaces.com/media/catalog/product/cache/1/image/988x988/9df78eab33525d08d6e5fb8d27136e95/m/a/mal0005_main_2.jpg,False,"Очікуваний код 301, отримано 404. Очікуваний фінальний URL https://www.ibuyfireplaces.com/, отримано https://www.ibuyfireplaces.com/media/catalog/product/cache/1/image/988x988/9df78eab33525d08d6e5fb8d27136e95/m/a/mal0005_main_2.jpg."
https://www.ibuyfireplaces.com/media/catalog/product/cache/1/image/988x988/9df78eab33525d08d6e5fb8d27136e95/m/a/mal0007a_1_2.jpg,https://www.ibuyfireplaces.com/,301,404,https://www.ibuyfireplaces.com/media/catalog/product/cache/1/image/988x988/9df78eab33525d08d6e5fb8d27136e95/m/a/mal0007a_1_2.jpg,False,"Очікуваний код 301, отримано 404. Очікуваний фінальний URL https://www.ibuyfireplaces.com/, отримано https://www.ibuyfireplaces.com/media/catalog/product/cache/1/image/988x988/9df78eab33525d08d6e5fb8d27136e95/m/a/mal0007a_1_2.jpg."
https://www.ibuyfireplaces.com/media/catalog/product/cache/1/image/988x988/9df78eab33525d08d6e5fb8d27136e95/m/a/mal0008_3_2.jpg,https://www.ibuyfireplaces.com/,301,404,https://www.ibuyfireplaces.com/media/catalog/product/cache/1/image/988x988/9df78eab33525d08d6e5fb8d27136e95/m/a/mal0008_3_2.jpg,False,"Очікуваний код 301, отримано 404. Очікуваний фінальний URL https://www.ibuyfireplaces.com/, отримано https://www.ibuyfireplaces.com/media/catalog/product/cache/1/image/988x988/9df78eab33525d08d6e5fb8d27136e95/m/a/mal0008_3_2.jpg."
https://www.ibuyfireplaces.com/media/catalog/product/cache/1/image/988x988/9df78eab33525d08d6e5fb8d27136e95/m/l/mlm002-w_3.jpg,https://www.ibuyfireplaces.com/,301,404,https://www.ibuyfireplaces.com/media/catalog/product/cache/1/image/988x988/9df78eab33525d08d6e5fb8d27136e95/m/l/mlm002-w_3.jpg,False,"Очікуваний код 301, отримано 404. Очікуваний фінальний URL https://www.ibuyfireplaces.com/, отримано https://www.ibuyfireplaces.com/media/catalog/product/cache/1/image/988x988/9df78eab33525d08d6e5fb8d27136e95/m/l/mlm002-w_3.jpg."
https://www.ibuyfireplaces.com/media/catalog/product/cache/1/image/988x988/9df78eab33525d08d6e5fb8d27136e95/m/l/mlm001-w_2.jpg,https://www.ibuyfireplaces.com/,301,404,https://www.ibuyfireplaces.com/media/catalog/product/cache/1/image/988x988/9df78eab33525d08d6e5fb8d27136e95/m/l/mlm001-w_2.jpg,False,"Очікуваний код 301, отримано 404. Очікуваний фінальний URL https://www.ibuyfireplaces.com/, отримано https://www.ibuyfireplaces.com/media/catalog/product/cache/1/image/988x988/9df78eab33525d08d6e5fb8d27136e95/m/l/mlm001-w_2.jpg."
https://www.ibuyfireplaces.com/media/catalog/product/cache/1/image/988x988/9df78eab33525d08d6e5fb8d27136e95/s/a/sangria.jpg,https://www.ibuyfireplaces.com/,301,404,https://www.ibuyfireplaces.com/media/catalog/product/cache/1/image/988x988/9df78eab33525d08d6e5fb8d27136e95/s/a/sangria.jpg,False,"Очікуваний код 301, отримано 404. Очікуваний фінальний URL https://www.ibuyfireplaces.com/, отримано https://www.ibuyfireplaces.com/media/catalog/product/cache/1/image/988x988/9df78eab33525d08d6e5fb8d27136e95/s/a/sangria.jpg."
https://www.ibuyfireplaces.com/media/catalog/product/cache/1/image/988x988/9df78eab33525d08d6e5fb8d27136e95/t/r/treehouse11.jpg,https://www.ibuyfireplaces.com/,301,404,https://www.ibuyfireplaces.com/media/catalog/product/cache/1/image/988x988/9df78eab33525d08d6e5fb8d27136e95/t/r/treehouse11.jpg,False,"Очікуваний код 301, отримано 404. Очікуваний фінальний URL https://www.ibuyfireplaces.com/, отримано https://www.ibuyfireplaces.com/media/catalog/product/cache/1/image/988x988/9df78eab33525d08d6e5fb8d27136e95/t/r/treehouse11.jpg."
https://www.ibuyfireplaces.com/majestic-vertical-decorative-shroud-for-use-with-ts-tr-termination-caps-lds33.html,https://www.ibuyfireplaces.com/majestic-vertical-decorative-shroud-for-use-with-ts-tr-termination-caps-lds33.html,301,,,False,Перевищено ліміт редіректів (30). Можливий цикл редіректів.
https://www.ibuyfireplaces.com/majestic-vertical-decorative-shroud-for-ts-and-tr-termination-caps-lds46.html,https://www.ibuyfireplaces.com/majestic-vertical-decorative-shroud-for-ts-and-tr-termination-caps-lds46.html,301,,,False,Перевищено ліміт редіректів (30). Можливий цикл редіректів.
https://www.ibuyfireplaces.com/product/,https://www.ibuyfireplaces.com/,301,308,https://www.ibuyfireplaces.com/,False,"Очікуваний код 301, отримано 308. "
https://www.ibuyfireplaces.com/napoleon-fireplaces-gdi-2320kt-vent-kit-20ft-1-2-1-3-double-ply-aluminum-liner-inlet-and-exhaust-2-3-to-2-reducer.html,https://www.ibuyfireplaces.com/napoleon-fireplaces-gdi-2320kt-vent-kit-20ft-1-2-1-3-double-ply-aluminum-liner-inlet-and-exhaust-2-3-to-2-reducer.html,301,,,False,Перевищено ліміт редіректів (30). Можливий цикл редіректів.
https://www.ibuyfireplaces.com/napoleon-gib-1oik-heritage-bay-lower-ornamental-insets-painted-black.html,https://www.ibuyfireplaces.com/napoleon-gib-1oik-heritage-bay-lower-ornamental-insets-painted-black.html,301,,,False,Перевищено ліміт редіректів (30). Можливий цикл редіректів.
https://www.ibuyfireplaces.com/napoleon-gds924n-duravent-adaptor-for-use-with-simpson-duravent-gs-direct-vent-pipe.html,https://www.ibuyfireplaces.com/napoleon-gds924n-duravent-adaptor-for-use-with-simpson-duravent-gs-direct-vent-pipe.html,301,,,False,Перевищено ліміт редіректів (30). Можливий цикл редіректів.
https://www.ibuyfireplaces.com/product/MON-MEDIA-RED-48,https://www.ibuyfireplaces.com/product/majestic-media-red-48-glass-media-scarlet-red,301,301,https://www.ibuyfireplaces.com/,False,"Очікуваний фінальний URL https://www.ibuyfireplaces.com/product/majestic-media-red-48-glass-media-scarlet-red, отримано https://www.ibuyfireplaces.com/."
https://www.ibuyfireplaces.com/product/MON-SLP-HRC-SS,https://www.ibuyfireplaces.com/product/monessen-slp-hrc-ss-horizontal-high-rise-termination-stainless-steel-inlcudes-1-slp-ws,301,301,https://www.ibuyfireplaces.com/,False,"Очікуваний фінальний URL https://www.ibuyfireplaces.com/product/monessen-slp-hrc-ss-horizontal-high-rise-termination-stainless-steel-inlcudes-1-slp-ws, отримано https://www.ibuyfireplaces.com/."
https://www.ibuyfireplaces.com/search,https://www.ibuyfireplaces.com/search,301,301,https://www.ibuyfireplaces.com/,False,"Очікуваний фінальний URL https://www.ibuyfireplaces.com/search, отримано https://www.ibuyfireplaces.com/."
https://www.ibuyfireplaces.com/search,https://www.ibuyfireplaces.com/search,301,301,https://www.ibuyfireplaces.com/,False,"Очікуваний фінальний URL https://www.ibuyfireplaces.com/search, отримано https://www.ibuyfireplaces.com/."
https://www.ibuyfireplaces.com/search,https://www.ibuyfireplaces.com/search,301,301,https://www.ibuyfireplaces.com/,False,"Очікуваний фінальний URL https://www.ibuyfireplaces.com/search, отримано https://www.ibuyfireplaces.com/."
https://www.ibuyfireplaces.com/search,https://www.ibuyfireplaces.com/search,301,301,https://www.ibuyfireplaces.com/,False,"Очікуваний фінальний URL https://www.ibuyfireplaces.com/search, отримано https://www.ibuyfireplaces.com/."
https://www.ibuyfireplaces.com/search,https://www.ibuyfireplaces.com/search,301,301,https://www.ibuyfireplaces.com/,False,"Очікуваний фінальний URL https://www.ibuyfireplaces.com/search, отримано https://www.ibuyfireplaces.com/."
https://www.ibuyfireplaces.com/search,https://www.ibuyfireplaces.com/search,301,301,https://www.ibuyfireplaces.com/,False,"Очікуваний фінальний URL https://www.ibuyfireplaces.com/search, отримано https://www.ibuyfireplaces.com/."
https://www.ibuyfireplaces.com/search,https://www.ibuyfireplaces.com/search,301,301,https://www.ibuyfireplaces.com/,False,"Очікуваний фінальний URL https://www.ibuyfireplaces.com/search, отримано https://www.ibuyfireplaces.com/."
https://www.ibuyfireplaces.com/search,https://www.ibuyfireplaces.com/search,301,301,https://www.ibuyfireplaces.com/,False,"Очікуваний фінальний URL https://www.ibuyfireplaces.com/search, отримано https://www.ibuyfireplaces.com/."
https://www.ibuyfireplaces.com/real-fyre-glg-10j-t-6-fyre-gems-blue-topaz-jar6-64866.html,https://www.ibuyfireplaces.com/real-fyre-glg-10j-t-6-fyre-gems-blue-topaz-jar6-64866.html,301,,,False,Перевищено ліміт редіректів (30). Можливий цикл редіректів.
https://www.ibuyfireplaces.com/real-fyre-rdp-30-30-gldoak-des-plus-63921.html,https://www.ibuyfireplaces.com/real-fyre-rdp-30-30-gldoak-des-plus-63921.html,301,,,False,Перевищено ліміт редіректів (30). Можливий цикл редіректів.
https://www.ibuyfireplaces.com/real-fyre-p45-24a-24fyre-sphere-manual-vlv-64925.html,https://www.ibuyfireplaces.com/real-fyre-p45-24a-24fyre-sphere-manual-vlv-64925.html,301,,,False,Перевищено ліміт редіректів (30). Можливий цикл редіректів.
https://www.ibuyfireplaces.com/real-fyre-pb-30-17-30-pan-bnr-w-17-valve-64147.html,https://www.ibuyfireplaces.com/real-fyre-pb-30-17-30-pan-bnr-w-17-valve-64147.html,301,,,False,Перевищено ліміт редіректів (30). Можливий цикл редіректів.
https://www.ibuyfireplaces.com/real-fyre-rdp-2-36-golden-oak-designer-plus-64126.html,https://www.ibuyfireplaces.com/real-fyre-rdp-2-36-golden-oak-designer-plus-64126.html,301,,,False,Перевищено ліміт редіректів (30). Можливий цикл редіректів.
